{
  "system_timestamp": 1743922191602421045,
  "stopping_time_ms": 5.15604,
  "depth_mm": 2149.94482421875
}