{
  "system_timestamp": 1743920672662686347,
  "stopping_time_ms": 16.011476,
  "depth_mm": 2097.5576171875
}