{
  "system_timestamp": 1743923147073421478,
  "stopping_time_ms": 5.278588,
  "depth_mm": 1649.555908203125
}