{
  "system_timestamp": 1743920767862514257,
  "stopping_time_ms": 11.949539,
  "depth_mm": 2208.578369140625
}