{
  "system_timestamp": 1743923093169286727,
  "stopping_time_ms": 2.933502,
  "depth_mm": 948.1464233398438
}