{
  "system_timestamp": 1743922162004502058,
  "stopping_time_ms": 5.262137,
  "depth_mm": 2234.31591796875
}