{
  "system_timestamp": 1743920660162299394,
  "stopping_time_ms": 16.311407,
  "depth_mm": 2202.359619140625
}