{
  "system_timestamp": 1743922941798656702,
  "stopping_time_ms": 6.370068,
  "depth_mm": 1554.9058837890625
}