{
  "system_timestamp": 1743922169605407238,
  "stopping_time_ms": 7.588625,
  "depth_mm": 2022.9798583984375
}