{
  "system_timestamp": 1743922952797833919,
  "stopping_time_ms": 7.25913,
  "depth_mm": 1687.8328857421875
}