{
  "system_timestamp": 1743922176710395336,
  "stopping_time_ms": 6.184817,
  "depth_mm": 2223.93408203125
}