{
  "system_timestamp": 1743922920595979690,
  "stopping_time_ms": 3.383398,
  "depth_mm": 1526.662841796875
}