{
  "system_timestamp": 1743922919795984268,
  "stopping_time_ms": 5.67317,
  "depth_mm": 1483.5087890625
}