{
  "system_timestamp": 1743922905899435043,
  "stopping_time_ms": 7.732868,
  "depth_mm": 1329.06494140625
}