{
  "system_timestamp": 1743920705763473749,
  "stopping_time_ms": 12.280226,
  "depth_mm": 1882.3092041015625
}