{
  "system_timestamp": 1743922126209029674,
  "stopping_time_ms": 9.626389,
  "depth_mm": 2052.987060546875
}