{
  "system_timestamp": 1743923337769390583,
  "stopping_time_ms": 4.660845,
  "depth_mm": 1169.2862548828125
}