{
  "system_timestamp": 1743922943201770305,
  "stopping_time_ms": 6.727934,
  "depth_mm": 1092.6328125
}