{
  "system_timestamp": 1743923545677726745,
  "stopping_time_ms": 6.685734,
  "depth_mm": 719.79052734375
}