{
  "system_timestamp": 1743923444147092819,
  "stopping_time_ms": 9.861231,
  "depth_mm": 1266.238525390625
}