{
  "system_timestamp": 1743923475539278030,
  "stopping_time_ms": 4.88472,
  "depth_mm": 1112.9703369140625
}