{
  "system_timestamp": 1743922134608923673,
  "stopping_time_ms": 10.91814,
  "depth_mm": 2190.757080078125
}