{
  "system_timestamp": 1743922931394045114,
  "stopping_time_ms": 3.419876,
  "depth_mm": 1241.2578125
}