{
  "system_timestamp": 1743920689163574218,
  "stopping_time_ms": 14.466047,
  "depth_mm": 2001.441162109375
}