{
  "system_timestamp": 1743923164676143646,
  "stopping_time_ms": 4.148722,
  "depth_mm": 1415.8685302734375
}