{
  "system_timestamp": 1743923484340187788,
  "stopping_time_ms": 2.235175,
  "depth_mm": 789.697265625
}