{
  "system_timestamp": 1743923059273567438,
  "stopping_time_ms": 4.43101,
  "depth_mm": 1611.09716796875
}