{
  "system_timestamp": 1743923068079729318,
  "stopping_time_ms": 5.450487,
  "depth_mm": 1606.332763671875
}