{
  "system_timestamp": 1743922197807751178,
  "stopping_time_ms": 5.495071,
  "depth_mm": 2209.13818359375
}