{
  "system_timestamp": 1743923143872922182,
  "stopping_time_ms": 6.758452,
  "depth_mm": 1514.4129638671875
}