{
  "system_timestamp": 1743923335772545576,
  "stopping_time_ms": 5.240679,
  "depth_mm": 1332.767333984375
}