{
  "system_timestamp": 1743922148700408935,
  "stopping_time_ms": 2.935409,
  "depth_mm": 1879.481201171875
}