{
  "system_timestamp": 1743923119982267618,
  "stopping_time_ms": 8.805514,
  "depth_mm": 1559.359130859375
}