{
  "system_timestamp": 1743923483741710424,
  "stopping_time_ms": 6.782055,
  "depth_mm": 1171.399169921875
}