{
  "system_timestamp": 1743923137175784349,
  "stopping_time_ms": 6.84619,
  "depth_mm": 1628.7916259765625
}