{
  "system_timestamp": 1743923474942390441,
  "stopping_time_ms": 7.471799,
  "depth_mm": 1256.4864501953125
}