{
  "system_timestamp": 1743923444738872051,
  "stopping_time_ms": 3.87168,
  "depth_mm": 753.1597290039062
}