{
  "system_timestamp": 1743922144102223873,
  "stopping_time_ms": 5.231381,
  "depth_mm": 2051.005126953125
}