{
  "system_timestamp": 1743923152674719572,
  "stopping_time_ms": 5.383254,
  "depth_mm": 1581.01318359375
}