{
  "system_timestamp": 1743920740756335258,
  "stopping_time_ms": 12.450218,
  "depth_mm": 2141.329833984375
}