{
  "system_timestamp": 1743923478246403932,
  "stopping_time_ms": 9.634972,
  "depth_mm": 1342.549072265625
}