{
  "system_timestamp": 1743922221910934209,
  "stopping_time_ms": 6.58369,
  "depth_mm": 1966.3826904296875
}