{
  "system_timestamp": 1743923336979058504,
  "stopping_time_ms": 6.65021,
  "depth_mm": 752.5844116210938
}