{
  "system_timestamp": 1743914380517180442,
  "stopping_time_ms": 4.312753,
  "depth_mm": 861.4661865234375
}