{
  "system_timestamp": 1743922185109170675,
  "stopping_time_ms": 4.018069,
  "depth_mm": 2130.1103515625
}