{
  "system_timestamp": 1743920728361919403,
  "stopping_time_ms": 17.076493,
  "depth_mm": 2081.001708984375
}