{
  "system_timestamp": 1743922966099564552,
  "stopping_time_ms": 8.848429,
  "depth_mm": 1150.3724365234375
}