{
  "system_timestamp": 1743923160879933834,
  "stopping_time_ms": 12.032748,
  "depth_mm": 1675.91015625
}