{
  "system_timestamp": 1743922930603475809,
  "stopping_time_ms": 8.764506,
  "depth_mm": 1621.16162109375
}