{
  "system_timestamp": 1743923092171504020,
  "stopping_time_ms": 4.959583,
  "depth_mm": 1556.89990234375
}