{
  "system_timestamp": 1743923349675622940,
  "stopping_time_ms": 3.938437,
  "depth_mm": 1214.5465087890625
}