{
  "system_timestamp": 1743923079477333784,
  "stopping_time_ms": 10.107994,
  "depth_mm": 1685.9815673828125
}