{
  "system_timestamp": 1743923128376477003,
  "stopping_time_ms": 4.839659,
  "depth_mm": 1536.3348388671875
}