{
  "system_timestamp": 1743922175306548595,
  "stopping_time_ms": 3.744125,
  "depth_mm": 1574.3712158203125
}