{
  "system_timestamp": 1743923104375105619,
  "stopping_time_ms": 5.085468,
  "depth_mm": 1290.38037109375
}