{
  "system_timestamp": 1743920717164371013,
  "stopping_time_ms": 14.472484,
  "depth_mm": 2230.843505859375
}