{
  "system_timestamp": 1743922208904886245,
  "stopping_time_ms": 7.642746,
  "depth_mm": 2087.346923828125
}