{
  "system_timestamp": 1743923168878750801,
  "stopping_time_ms": 5.962611,
  "depth_mm": 1623.293212890625
}