{
  "system_timestamp": 1743923155876634836,
  "stopping_time_ms": 6.797552,
  "depth_mm": 1620.5799560546875
}