{
  "system_timestamp": 1743922199012029647,
  "stopping_time_ms": 12.318134,
  "depth_mm": 1398.760986328125
}