{
  "system_timestamp": 1743923071278873443,
  "stopping_time_ms": 4.474163,
  "depth_mm": 1538.333251953125
}